Representation,V,Density,E,ActualDensity,has_edge_ns,get_neighbors_ns,Memory_bytes,Memory_KB,Memory_MB
Matrix,100,0.001,4,0.0008100000000000001,194.7,16519.1,10035,9.8,0.0095703125
List,100,0.001,4,0.0008100000000000001,40.1,61.6,6860,6.7,0.00654296875
Matrix,100,0.01,49,0.009899999999999999,182.9,16610.4,10035,9.8,0.0095703125
List,100,0.01,49,0.009899999999999999,57.1,72.8,9318,9.1,0.00888671875
Matrix,100,0.1,495,0.1,183.4,17878.9,10035,9.8,0.0095703125
List,100,0.1,495,0.1,105.1,106.8,25190,24.6,0.0240234375
Matrix,100,0.5,2475,0.5,191.2,17403.6,10035,9.8,0.0095703125
List,100,0.5,2475,0.5,278.7,169.6,89804,87.7,0.08564453125
Matrix,100,0.9,4455,0.9,182.2,17170.4,10035,9.8,0.0095703125
List,100,0.9,4455,0.9,339.8,214.9,153292,149.7,0.14619140625
Matrix,500,0.001,124,0.00099,207.8,93885.1,249958,244.1,0.23837890625
List,500,0.001,124,0.00099,77.8,93.0,40448,39.5,0.03857421875
Matrix,500,0.01,1247,0.01,209.7,91108.9,249958,244.1,0.23837890625
List,500,0.01,1247,0.01,146.5,361.2,78950,77.1,0.07529296875
Matrix,500,0.1,12475,0.1,214.9,106688.5,249958,244.1,0.23837890625
List,500,0.1,12475,0.1,749.2,821.5,452403,441.8,0.4314453125
Matrix,500,0.5,62375,0.5,261.7,90274.7,249958,244.1,0.23837890625
List,500,0.5,62375,0.5,4561.0,4394.1,2101248,2052.0,2.00390625
Matrix,500,0.9,112275,0.9,220.9,115372.7,249958,244.1,0.23837890625
List,500,0.9,112275,0.9,5484.7,6698.1,3688960,3602.5,3.51806640625
Matrix,1000,0.001,499,0.001,254.2,188394.6,1000038,976.6,0.9537109375
List,1000,0.001,499,0.001,95.7,108.1,92979,90.8,0.088671875
Matrix,1000,0.01,4995,0.01,244.8,196705.9,1000038,976.6,0.9537109375
List,1000,0.01,4995,0.01,195.3,223.0,252518,246.6,0.2408203125
Matrix,1000,0.1,49950,0.1,231.2,191028.4,1000038,976.6,0.9537109375
List,1000,0.1,49950,0.1,1592.0,1705.6,1731686,1691.1,1.65146484375
Matrix,1000,0.5,249750,0.5,270.6,194707.3,1000038,976.6,0.9537109375
List,1000,0.5,249750,0.5,6800.6,7085.7,8273100,8079.2,7.88984375
Matrix,1000,0.9,449550,0.9,288.8,189882.7,1000038,976.6,0.9537109375
List,1000,0.9,449550,0.9,10720.9,15011.4,15033651,14681.3,14.33720703125
Matrix,2000,0.001,1999,0.001,294.4,397327.8,3999948,3906.2,3.8146484375
List,2000,0.001,1999,0.001,90.3,142.9,218112,213.0,0.2080078125
Matrix,2000,0.01,19990,0.01,289.2,368934.6,3999948,3906.2,3.8146484375
List,2000,0.01,19990,0.01,324.2,325.7,824832,805.5,0.78662109375
Matrix,2000,0.1,199900,0.1,350.7,367423.1,3999948,3906.2,3.8146484375
List,2000,0.1,199900,0.1,3778.1,2241.0,6763417,6604.9,6.45009765625
Matrix,2000,0.5,999500,0.5,349.1,406791.4,3999948,3906.2,3.8146484375
List,2000,0.5,999500,0.5,33753.3,17528.1,33478553,32693.9,31.92763671875
Matrix,2000,0.9,1799100,0.9,398.8,358389.5,3999948,3906.2,3.8146484375
List,2000,0.9,1799100,0.9,43826.8,32617.5,60374528,58959.5,57.57763671875
Matrix,5000,0.001,12497,0.001,336.7,963491.0,25000038,24414.1,23.84189453125
List,5000,0.001,12497,0.001,138.5,300.8,791040,772.5,0.75439453125
Matrix,5000,0.01,124975,0.01,338.6,914816.1,25000038,24414.1,23.84189453125
List,5000,0.01,124975,0.01,1181.7,727.1,4541235,4434.8,4.330859375
Matrix,5000,0.1,1249006,0.09994046809361873,371.22799999878,899322.3666666002,25000000,24414.0625,23.84185791015625
List,5000,0.1,1249006,0.09994046809361873,5786.5835000043835,3954.0799999334317,40582072,39630.9296875,38.70207977294922
Matrix,5000,0.5,6245921,0.4997736347269454,443.40200000192453,975986.1750001875,25000000,24414.0625,23.84185791015625
List,5000,0.5,6245921,0.4997736347269454,20259.60199998167,26811.612499955118,200960696,196250.6796875,191.65105438232422
Matrix,5000,0.9,11246525,0.8999019803960793,920.4719999900135,893589.1874997992,25000000,24414.0625,23.84185791015625
List,5000,0.9,11246525,0.8999019803960793,25419.65599999685,47020.21250011512,361723880,353245.9765625,344.9667739868164
